source	es	pt	it	fr	de	nl	pl	tr	ja
Language	Idioma	Idioma	Lingua	Langue	Sprache	Taal	Język	Dil	言語
Product	Producto	Produto	Prodotto	Produit	Produkt	Product	Produkt	Ürün	製品
Templates	Plantillas	Modelos	Modelli	Modèles	Vorlagen	Sjablonen	Szablony	Şablonlar	テンプレート
Pricing	Precios	Preços	Prezzi	Tarifs	Preise	Prijzen	Cennik	Fiyatlar	料金
Resources	Recursos	Recursos	Risorse	Ressources	Ressourcen	Kennisbank	Materiały	Kaynaklar	ガイド
Log in	Ingresar	Entrar	Accedi	Se connecter	Anmelden	Inloggen	Zaloguj się	Giriş yap	ログイン
Sign in	Iniciar sesión	Entrar	Accedi	Se connecter	Anmelden	Inloggen	Zaloguj się	Giriş yap	ログイン
Start creating	Empezar a crear	Começar a criar	Inizia a creare	Commencer à créer	Jetzt loslegen	Begin met maken	Zacznij tworzyć	Oluşturmaya başla	作成を始める
Get started	Empezar	Começar	Inizia	Commencer	Loslegen	Aan de slag	Rozpocznij	Başla	始める
Create your first video	Crea tu primer video	Crie seu primeiro vídeo	Crea il tuo primo video	Créez votre première vidéo	Erstelle dein erstes Video	Maak je eerste video	Stwórz swój pierwszy film	İlk videonu oluştur	最初の動画を作成
Start free	Empezar gratis	Começar grátis	Inizia gratis	Commencer gratuitement	Kostenlos starten	Gratis beginnen	Zacznij za darmo	Ücretsiz başla	無料で始める
Start for free	Empieza gratis	Comece grátis	Inizia gratis	Commencez gratuitement	Kostenlos starten	Begin gratis	Zacznij za darmo	Ücretsiz başla	無料で始める
No credit card needed	Sin tarjeta de crédito	Sem cartão de crédito	Nessuna carta di credito	Sans carte bancaire	Keine Kreditkarte nötig	Geen creditcard nodig	Bez karty kredytowej	Kredi kartı gerekmez	クレジットカード不要
Skip to content	Ir al contenido	Ir para o conteúdo	Vai al contenuto	Aller au contenu	Zum Inhalt springen	Naar de inhoud	Przejdź do treści	İçeriğe geç	本文へスキップ
How it works	Cómo funciona	Como funciona	Come funziona	Comment ça marche	So funktioniert’s	Zo werkt het	Jak to działa	Nasıl çalışır	使い方
See how it works	Mira cómo funciona	Veja como funciona	Scopri come funziona	Découvrez comment ça marche	So funktioniert’s	Bekijk hoe het werkt	Zobacz, jak to działa	Nasıl çalıştığını gör	使い方を見る
Integrations	Integraciones	Integrações	Integrazioni	Intégrations	Integrationen	Integraties	Integracje	Entegrasyonlar	連携
Help center	Centro de ayuda	Central de ajuda	Centro assistenza	Centre d’aide	Hilfecenter	Helpcentrum	Centrum pomocy	Yardım merkezi	ヘルプセンター
Privacy	Privacidad	Privacidade	Privacy	Confidentialité	Datenschutz	Privacy	Prywatność	Gizlilik	プライバシー
Terms	Términos	Termos	Termini	Conditions	Nutzungsbedingungen	Voorwaarden	Regulamin	Koşullar	利用規約
Create an account	Crear una cuenta	Criar uma conta	Crea un account	Créer un compte	Konto erstellen	Account aanmaken	Utwórz konto	Hesap oluştur	アカウントを作成
Create your account	Crea tu cuenta	Crie sua conta	Crea il tuo account	Créez votre compte	Erstelle dein Konto	Maak je account aan	Utwórz konto	Hesabını oluştur	アカウントを作成
Reset your password	Restablece tu contraseña	Redefina sua senha	Reimposta la password	Réinitialisez votre mot de passe	Passwort zurücksetzen	Stel je wachtwoord opnieuw in	Zresetuj hasło	Şifreni sıfırla	パスワードを再設定
Back to the website	Volver al sitio	Voltar ao site	Torna al sito	Retour au site	Zurück zur Website	Terug naar de website	Wróć do strony	Web sitesine dön	サイトに戻る
Email address	Correo electrónico	Endereço de e-mail	Indirizzo email	Adresse e-mail	E-Mail-Adresse	E-mailadres	Adres e-mail	E-posta adresi	メールアドレス
Password	Contraseña	Senha	Password	Mot de passe	Passwort	Wachtwoord	Hasło	Şifre	パスワード
Full name	Nombre completo	Nome completo	Nome completo	Nom complet	Vollständiger Name	Volledige naam	Imię i nazwisko	Ad soyad	氏名
Forgot password?	¿Olvidaste tu contraseña?	Esqueceu a senha?	Password dimenticata?	Mot de passe oublié ?	Passwort vergessen?	Wachtwoord vergeten?	Nie pamiętasz hasła?	Şifreni mi unuttun?	パスワードを忘れた場合
Your presenter	Tu presentador	Seu apresentador	Il tuo presentatore	Votre présentateur	Dein Presenter	Jouw presentator	Twój prezenter	Sunucun	あなたのプレゼンター
AI video	Video con IA	Vídeo com IA	Video con IA	Vidéo IA	KI-Video	AI-video	Wideo AI	Yapay zekâ videosu	AI動画
Music	Música	Música	Musica	Musique	Musik	Muziek	Muzyka	Müzik	音楽
Voiceover	Narración	Narração	Voce narrante	Voix off	Sprecherstimme	Voice-over	Lektor	Seslendirme	ナレーション
Captions & scripts	Textos y guiones	Legendas e roteiros	Testi e copioni	Textes et scripts	Texte und Skripte	Teksten en scripts	Opisy i scenariusze	Açıklamalar ve senaryolar	投稿文・台本
Branding	Tu marca	Sua marca	Il tuo brand	Votre marque	Deine Marke	Jouw merk	Twoja marka	Markan	ブランディング
Property websites	Sitios de propiedades	Sites de imóveis	Siti per immobili	Sites immobiliers	Immobilien-Websites	Vastgoedwebsites	Strony nieruchomości	Emlak web siteleri	物件サイト
Leads	Contactos interesados	Contatos interessados	Contatti interessati	Prospects	Interessenten	Potentiële klanten	Potencjalni klienci	Potansiyel müşteriler	見込み客
Analytics	Estadísticas	Estatísticas	Statistiche	Statistiques	Statistiken	Statistieken	Statystyki	İstatistikler	アクセス解析
Create & personalize	Crea y personaliza	Crie e personalize	Crea e personalizza	Créez et personnalisez	Erstellen und anpassen	Maken en aanpassen	Twórz i personalizuj	Oluştur ve kişiselleştir	作成・カスタマイズ
Publish & grow	Publica y crece	Publique e cresça	Pubblica e cresci	Publiez et développez	Veröffentlichen und wachsen	Publiceren en groeien	Publikuj i rozwijaj się	Yayınla ve büyü	公開・ビジネス拡大
Explore VendeClip	Descubre VendeClip	Explore o VendeClip	Scopri VendeClip	Découvrez VendeClip	VendeClip entdecken	Ontdek VendeClip	Poznaj VendeClip	VendeClip’i keşfet	VendeClipを見る
Video examples	Ejemplos de videos	Exemplos de vídeos	Esempi di video	Exemples de vidéos	Videobeispiele	Videovoorbeelden	Przykładowe filmy	Video örnekleri	動画の作例
Great properties deserve	Las grandes propiedades merecen	Grandes imóveis merecem	Le belle proprietà meritano	Les beaux biens méritent	Großartige Immobilien verdienen	Prachtige woningen verdienen	Wyjątkowe nieruchomości zasługują na	Harika mülkler için	魅力的な物件には
 great videos.	grandes videos.	grandes vídeos.	video straordinari.	de belles vidéos.	großartige Videos.	prachtige video’s.	wyjątkowe filmy.	harika videolar.	魅力的な動画を。
Great properties deserve great videos.	Las grandes propiedades merecen grandes videos.	Grandes imóveis merecem grandes vídeos.	Le belle proprietà meritano video straordinari.	Les beaux biens méritent de belles vidéos.	Großartige Immobilien verdienen großartige Videos.	Prachtige woningen verdienen prachtige video’s.	Wyjątkowe nieruchomości zasługują na wyjątkowe filmy.	Harika mülkler için harika videolar.	魅力的な物件には、魅力的な動画を。
Your next listing, reimagined	Tu próxima propiedad, reinventada	Seu próximo imóvel, reinventado	Il tuo prossimo immobile, reinventato	Votre prochain bien, réinventé	Deine nächste Immobilie, neu inszeniert	Je volgende woning, opnieuw in beeld	Nowe spojrzenie na Twoją ofertę	Sıradaki ilanına yeni bir bakış	次の物件に、新しい表現を
Turn the photos you already have into videos buyers want to watch.	Convierte tus fotos en videos que los compradores quieran ver.	Transforme suas fotos em vídeos que os compradores queiram assistir.	Trasforma le tue foto in video che gli acquirenti vogliono guardare.	Transformez vos photos en vidéos que les acheteurs ont envie de regarder.	Verwandle vorhandene Fotos in Videos, die Käufer sehen möchten.	Maak van je foto’s video’s die kopers willen bekijken.	Zamień swoje zdjęcia w filmy, które kupujący chcą oglądać.	Elindeki fotoğrafları alıcıların izlemek isteyeceği videolara dönüştür.	お手元の写真を、購入希望者が見たくなる動画に。
Your brand. Your voice. Ready in minutes.	Tu marca. Tu voz. Listo en minutos.	Sua marca. Sua voz. Pronto em minutos.	Il tuo brand. La tua voce. Pronto in pochi minuti.	Votre marque. Votre voix. Prêt en quelques minutes.	Deine Marke. Deine Stimme. In Minuten bereit.	Jouw merk. Jouw stem. Klaar in enkele minuten.	Twoja marka. Twój głos. Gotowe w kilka minut.	Senin markan. Senin sesin. Dakikalar içinde hazır.	あなたのブランド、あなたの声で。わずか数分で完成。
Monthly	Mensual	Mensal	Mensile	Mensuel	Monatlich	Maandelijks	Miesięcznie	Aylık	月払い
Yearly	Anual	Anual	Annuale	Annuel	Jährlich	Jaarlijks	Rocznie	Yıllık	年払い
Save about 20%	Ahorra cerca del 20 %	Economize cerca de 20%	Risparmia circa il 20%	Économisez environ 20 %	Spare etwa 20 %	Bespaar ongeveer 20%	Oszczędź około 20%	Yaklaşık %20 tasarruf et	約20%お得
/ month	/ mes	/ mês	/ mese	/ mois	/ Monat	/ maand	/ miesiąc	/ ay	/ 月
/ day	/ día	/ dia	/ giorno	/ jour	/ Tag	/ dag	/ dzień	/ gün	/ 日
Billed monthly	Facturación mensual	Cobrança mensal	Fatturazione mensile	Facturation mensuelle	Monatliche Abrechnung	Maandelijks gefactureerd	Rozliczenie miesięczne	Aylık faturalandırılır	毎月請求
{0} billed yearly	{0} facturados anualmente	{0} cobrados anualmente	{0} fatturati annualmente	{0} facturés par an	{0} jährlich abgerechnet	{0} per jaar gefactureerd	{0} rozliczane rocznie	Yıllık {0} faturalandırılır	年間請求額 {0}
For growing teams	Para equipos en crecimiento	Para equipes em crescimento	Per team in crescita	Pour les équipes en croissance	Für wachsende Teams	Voor groeiende teams	Dla rozwijających się zespołów	Büyüyen ekipler için	成長中のチーム向け
videos per month	videos por mes	vídeos por mês	video al mese	vidéos par mois	Videos pro Monat	video’s per maand	filmów miesięcznie	video / ay	本の動画 / 月
{0} AI photo edits per month	{0} ediciones de fotos con IA por mes	{0} edições de fotos com IA por mês	{0} modifiche foto con IA al mese	{0} retouches photo IA par mois	{0} KI-Fotobearbeitungen pro Monat	{0} AI-fotobewerkingen per maand	{0} edycji zdjęć AI miesięcznie	Ayda {0} yapay zekâ fotoğraf düzenlemesi	月に{0}回のAI写真編集
Portrait	Vertical	Vertical	Verticale	Vertical	Hochformat	Staand	Pionowo	Dikey	縦型
Square	Cuadrado	Quadrado	Quadrato	Carré	Quadratisch	Vierkant	Kwadrat	Kare	正方形
Landscape	Horizontal	Horizontal	Orizzontale	Horizontal	Querformat	Liggend	Poziomo	Yatay	横型
Native sharing	Compartir desde tu dispositivo	Compartilhar pelo dispositivo	Condivisione dal dispositivo	Partage depuis votre appareil	Über dein Gerät teilen	Delen via je apparaat	Udostępnianie z urządzenia	Cihazdan paylaşım	端末から共有
Reels, TikTok, and Shorts	Reels, TikTok y Shorts	Reels, TikTok e Shorts	Reels, TikTok e Shorts	Reels, TikTok et Shorts	Reels, TikTok und Shorts	Reels, TikTok en Shorts	Reels, TikTok i Shorts	Reels, TikTok ve Shorts	Reels、TikTok、Shorts
Social feeds	Publicaciones en redes	Publicações nas redes	Feed social	Fils des réseaux sociaux	Social-Media-Feeds	Socialmediafeeds	Kanały społecznościowe	Sosyal medya akışları	SNSフィード
Play	Reproducir	Reproduzir	Riproduci	Lire	Abspielen	Afspelen	Odtwórz	Oynat	再生
Pause	Pausar	Pausar	Pausa	Pause	Pausieren	Pauzeren	Wstrzymaj	Duraklat	一時停止
Play preview	Reproducir vista previa	Reproduzir prévia	Riproduci anteprima	Lire l’aperçu	Vorschau abspielen	Voorbeeld afspelen	Odtwórz podgląd	Önizlemeyi oynat	プレビューを再生
Pause preview	Pausar vista previa	Pausar prévia	Pausa anteprima	Mettre l’aperçu en pause	Vorschau pausieren	Voorbeeld pauzeren	Wstrzymaj podgląd	Önizlemeyi duraklat	プレビューを一時停止
All styles	Todos los estilos	Todos os estilos	Tutti gli stili	Tous les styles	Alle Stile	Alle stijlen	Wszystkie style	Tüm stiller	すべてのスタイル
Cinematic	Cinematográfico	Cinematográfico	Cinematografico	Cinématique	Filmisch	Filmisch	Filmowy	Sinematik	シネマティック
Editorial	Editorial	Editorial	Editoriale	Éditorial	Editorial	Redactioneel	Edytorski	Editoryal	エディトリアル
Social	Redes sociales	Redes sociais	Social	Réseaux sociaux	Social Media	Social media	Media społecznościowe	Sosyal medya	SNS
styles	estilos	estilos	stili	styles	Stile	stijlen	stylów	stil	スタイル
Open menu	Abrir menú	Abrir menu	Apri menu	Ouvrir le menu	Menü öffnen	Menu openen	Otwórz menu	Menüyü aç	メニューを開く
Close menu	Cerrar menú	Fechar menu	Chiudi menu	Fermer le menu	Menü schließen	Menu sluiten	Zamknij menu	Menüyü kapat	メニューを閉じる
Main navigation	Navegación principal	Navegação principal	Navigazione principale	Navigation principale	Hauptnavigation	Hoofdnavigatie	Nawigacja główna	Ana gezinme	メインナビゲーション
Page views	Visitas a la página	Visualizações da página	Visualizzazioni della pagina	Vues de la page	Seitenaufrufe	Paginaweergaven	Wyświetlenia strony	Sayfa görüntülemeleri	ページ閲覧数
Video plays	Reproducciones del video	Reproduções do vídeo	Riproduzioni del video	Lectures vidéo	Videowiedergaben	Videoweergaven	Odtworzenia filmu	Video oynatmaları	動画再生数
Contact actions	Acciones de contacto	Ações de contato	Azioni di contatto	Actions de contact	Kontaktaktionen	Contactacties	Działania kontaktowe	İletişim işlemleri	問い合わせアクション
Sample data	Datos de ejemplo	Dados de exemplo	Dati di esempio	Données d’exemple	Beispieldaten	Voorbeeldgegevens	Dane przykładowe	Örnek veriler	サンプルデータ
THE COMPLETE STORY	LA HISTORIA COMPLETA	A HISTÓRIA COMPLETA	LA STORIA COMPLETA	L’HISTOIRE COMPLÈTE	DIE GANZE GESCHICHTE	HET HELE VERHAAL	CAŁA HISTORIA	HİKÂYENİN TAMAMI	物件の魅力をすべて
Pause animation	Pausar animación	Pausar animação	Pausa animazione	Mettre l’animation en pause	Animation pausieren	Animatie pauzeren	Wstrzymaj animację	Animasyonu duraklat	アニメーションを一時停止
Resume animation	Reanudar animación	Retomar animação	Riprendi animazione	Reprendre l’animation	Animation fortsetzen	Animatie hervatten	Wznów animację	Animasyonu sürdür	アニメーションを再開
Everything in Essential	Todo lo incluido en Essential	Tudo do Essential	Tutto ciò che include Essential	Tout le contenu d’Essential	Alles aus Essential	Alles uit Essential	Wszystko z planu Essential	Essential planındaki her şey	Essentialの全機能
Everything in Growth	Todo lo incluido en Growth	Tudo do Growth	Tutto ciò che include Growth	Tout le contenu de Growth	Alles aus Growth	Alles uit Growth	Wszystko z planu Growth	Growth planındaki her şey	Growthの全機能
Start with your next listing.	Empieza con tu próxima propiedad.	Comece com seu próximo imóvel.	Inizia dal tuo prossimo immobile.	Commencez par votre prochain bien.	Starte mit deiner nächsten Immobilie.	Begin met je volgende woning.	Zacznij od swojej kolejnej nieruchomości.	Sıradaki mülkünle başla.	次の物件から始めましょう。
Let’s find your fit.	Encontremos el plan para ti.	Vamos encontrar seu plano ideal.	Troviamo il piano per te.	Trouvons l’offre qui vous convient.	Finden wir den passenden Tarif.	We vinden een passend abonnement.	Znajdźmy plan dla Ciebie.	Sana uygun planı bulalım.	最適なプランをご提案します。
One listing link. A whole story in motion.	Un enlace. Toda una historia en movimiento.	Um link. Uma história inteira em movimento.	Un link. Una storia intera in movimento.	Un lien. Toute une histoire en mouvement.	Ein Link. Eine ganze Geschichte in Bewegung.	Eén link. Een heel verhaal in beweging.	Jeden link. Cała historia w ruchu.	Bir ilan bağlantısı. Hareketli bir hikâyenin tamamı.	物件リンクひとつで、魅力が動き出す。
Your next listing deserves this.	Tu próxima propiedad se lo merece.	Seu próximo imóvel merece isso.	Il tuo prossimo immobile se lo merita.	Votre prochain bien le mérite.	Deine nächste Immobilie verdient das.	Je volgende woning verdient dit.	Twoja kolejna nieruchomość na to zasługuje.	Sıradaki mülkün bunu hak ediyor.	次の物件にも、このクオリティを。
Welcome back.	Te damos la bienvenida.	Boas-vindas de volta.	Bentornato.	Heureux de vous revoir.	Willkommen zurück.	Welkom terug.	Witaj ponownie.	Tekrar hoş geldin.	おかえりなさい。
Fecha de vigencia:	Fecha de vigencia:	Data de vigência:	Data di entrata in vigore:	Date d’entrée en vigueur :	Gültig ab:	Ingangsdatum:	Data wejścia w życie:	Yürürlük tarihi:	施行日：
Contenido del documento	Contenido del documento	Conteúdo do documento	Contenuto del documento	Contenu du document	Dokumentinhalt	Documentinhoud	Treść dokumentu	Belge içeriği	目次
Contenido	Contenido	Conteúdo	Indice	Sommaire	Inhalt	Inhoud	Spis treści	İçindekiler	目次
Contacto legal	Contacto legal	Contato jurídico	Contatti legali	Contact juridique	Rechtlicher Kontakt	Juridisch contact	Kontakt w sprawach prawnych	Hukuki iletişim	法務に関するお問い合わせ
Para consultas sobre estos documentos, escribinos a	Para consultas sobre estos documentos, escribinos a	Para dúvidas sobre estes documentos, escreva para	Per domande su questi documenti, scrivi a	Pour toute question sur ces documents, écrivez à	Bei Fragen zu diesen Dokumenten schreibe an	Voor vragen over deze documenten kun je schrijven naar	W sprawie tych dokumentów napisz na	Bu belgelerle ilgili sorularınız için bize yazın:	これらの文書に関するお問い合わせ先：
VendeClip home	Inicio de VendeClip	Página inicial do VendeClip	Home di VendeClip	Accueil VendeClip	VendeClip-Startseite	VendeClip-homepage	Strona główna VendeClip	VendeClip ana sayfa	VendeClipホーム
A consistent presence for your next listings.	Una presencia constante para tus próximas propiedades.	Uma presença constante para seus próximos imóveis.	Una presenza costante per i tuoi prossimi immobili.	Une présence régulière pour vos prochains biens.	Eine starke Präsenz für deine nächsten Immobilien.	Een consistente presentatie voor je volgende woningen.	Stała widoczność Twoich kolejnych ofert.	Sıradaki mülklerin için tutarlı bir görünüm.	次の物件も、安定したクオリティで発信。
For teams making every listing count.	Para equipos que aprovechan cada propiedad al máximo.	Para equipes que valorizam cada imóvel.	Per i team che valorizzano ogni immobile.	Pour les équipes qui valorisent chaque bien.	Für Teams, die jede Immobilie optimal präsentieren.	Voor teams die elke woning laten opvallen.	Dla zespołów, które wykorzystują potencjał każdej oferty.	Her mülkü en iyi şekilde sunan ekipler için.	すべての物件の魅力を伝えるチームに。
One workflow. From photos to publish.	Un solo proceso. De las fotos a la publicación.	Um só processo. Das fotos à publicação.	Un unico flusso. Dalle foto alla pubblicazione.	Un seul parcours. Des photos à la publication.	Ein Workflow. Von den Fotos zur Veröffentlichung.	Eén workflow. Van foto’s tot publicatie.	Jeden proces. Od zdjęć do publikacji.	Tek iş akışı. Fotoğraflardan yayına.	写真から公開まで、ひとつの流れで。
Try it free. Find your flow.	Pruébalo gratis. Encuentra tu ritmo.	Experimente grátis. Encontre seu ritmo.	Provalo gratis. Trova il tuo ritmo.	Essayez gratuitement. Trouvez votre rythme.	Kostenlos testen. Deinen Rhythmus finden.	Probeer het gratis. Vind je ritme.	Wypróbuj za darmo. Znajdź swój rytm.	Ücretsiz dene. Kendi ritmini bul.	無料で試して、自分に合う使い方を。
For brokerages with more properties, larger teams, or a different way of working.	Para inmobiliarias con más propiedades, equipos más grandes o una forma diferente de trabajar.	Para imobiliárias com mais imóveis, equipes maiores ou uma forma diferente de trabalhar.	Per agenzie con più immobili, team più grandi o un modo di lavorare diverso.	Pour les agences avec plus de biens, des équipes plus grandes ou une autre façon de travailler.	Für Immobilienbüros mit mehr Objekten, größeren Teams oder besonderen Arbeitsabläufen.	Voor makelaarskantoren met meer woningen, grotere teams of een andere werkwijze.	Dla biur nieruchomości z większą ofertą, większymi zespołami lub innym sposobem pracy.	Daha fazla mülkü, daha büyük ekipleri veya farklı çalışma yöntemleri olan emlak ofisleri için.	より多くの物件、大規模なチーム、独自の業務フローを持つ不動産会社に。
Breadcrumb	Ruta de navegación	Navegação estrutural	Percorso di navigazione	Fil d’Ariane	Brotkrumennavigation	Broodkruimelpad	Ścieżka nawigacji	Gezinme yolu	パンくずリスト
Jump to scene {0} of {1}	Ir a la escena {0} de {1}	Ir para a cena {0} de {1}	Vai alla scena {0} di {1}	Aller à la scène {0} de {1}	Zu Szene {0} von {1} springen	Ga naar scène {0} van {1}	Przejdź do sceny {0} filmu {1}	{1} içindeki {0}. sahneye git	{1}のシーン{0}へ移動
{0} {1} preview	{0} vista previa de {1}	{0} prévia de {1}	{0} anteprima di {1}	{0} l’aperçu de {1}	{1}-Vorschau: {0}	{1}-voorbeeld: {0}	{0} podgląd: {1}	{1} önizlemesi: {0}	{1}のプレビュー：{0}
{0} preview	Vista previa de {0}	Prévia de {0}	Anteprima di {0}	Aperçu de {0}	{0}-Vorschau	Voorbeeld van {0}	Podgląd: {0}	{0} önizlemesi	{0}のプレビュー
Mute preview	Silenciar vista previa	Silenciar prévia	Disattiva audio anteprima	Couper le son de l’aperçu	Vorschau stummschalten	Voorbeeld dempen	Wycisz podgląd	Önizleme sesini kapat	プレビューをミュート
Unmute preview	Activar sonido	Ativar som	Attiva audio anteprima	Activer le son de l’aperçu	Vorschauton einschalten	Geluid inschakelen	Włącz dźwięk podglądu	Önizleme sesini aç	プレビューの音声をオン
style	estilo	estilo	stile	style	Stil	stijl	styl	stil	スタイル
A home has character.	Cada hogar tiene personalidad.	Cada lar tem personalidade.	Ogni casa ha carattere.	Un bien a du caractère.	Ein Zuhause hat Charakter.	Een woning heeft karakter.	Każdy dom ma charakter.	Her evin bir karakteri vardır.	住まいの個性を、
Your video should,	Tu video,	Seu vídeo,	Anche il tuo video dovrebbe	Votre vidéo	Dein Video	Jouw video	Twój film	Videonun da	そのまま
too.	también.	também.	averlo.	aussi.	auch.	ook.	też.	olsun.	映そう。
A template gives it shape.	La plantilla le da forma.	O modelo dá forma.	Il modello dà forma.	Le modèle donne la forme.	Die Vorlage gibt die Form.	Het sjabloon geeft vorm.	Szablon nadaje formę.	Şablon şekil verir.	テンプレートで形をつくり、
You give it	Tú le das	Você dá	Tu dai	Vous apportez	Du gibst ihm	Jij geeft	Ty nadajesz	Sen katarsın	あなたらしい
character.	personalidad.	personalidade.	carattere.	le caractère.	Charakter.	karakter.	charakter.	karakter.	個性を。
Before you	Antes de	Antes de	Prima di	Avant de	Bevor du	Voordat je	Zanim	Başlamadan	再生する
press play.	reproducir.	apertar o play.	premere play.	lancer la lecture.	startest.	op play drukt.	naciśniesz odtwarzanie.	önce.	前に。
One story.	Una historia.	Uma história.	Una storia.	Une histoire.	Eine Geschichte.	Eén verhaal.	Jedna historia.	Tek hikâye.	ひとつのストーリーを、
Every	Cada	Cada	Ogni	Chaque	Jeder	Elk	Każdy	Her	あらゆる
screen.	pantalla.	tela.	schermo.	écran.	Bildschirm.	scherm.	ekran.	ekran.	画面に。
Make the next one	Haz que el próximo sea	Faça o próximo ser	Rendi il prossimo	Faites du prochain le	Mach das nächste zu	Maak de volgende	Niech kolejny będzie	Sıradaki video	次の一本を、
yours.	tuyo.	seu.	tuo.	vôtre.	deinem.	van jou.	Twój.	senin olsun.	あなたらしく。
See what gets attention.	Descubre qué despierta interés.	Veja o que desperta interesse.	Scopri cosa attira l’attenzione.	Voyez ce qui attire l’attention.	Erkenne, was Aufmerksamkeit weckt.	Zie wat aandacht trekt.	Zobacz, co przyciąga uwagę.	Neyin ilgi çektiğini gör.	注目される物件を知り、
Know where to	Decide dónde	Saiba onde	Scopri dove	Sachez où	Erkenne, worauf du dich	Weet waar je op moet	Dowiedz się, na czym się	Nereye odaklanacağını	次に注力する
focus.	enfocarte.	focar.	concentrarti.	vous concentrer.	konzentrieren solltest.	richten.	skupić.	öğren.	ポイントを見つける。
A quiet tour. A bold introduction. A closer look at the details. Find a style that feels right for your listing.	Un recorrido tranquilo. Una presentación impactante. Una mirada a los detalles. Encuentra el estilo ideal para tu propiedad.	Um passeio tranquilo. Uma apresentação marcante. Um olhar nos detalhes. Encontre o estilo ideal para seu imóvel.	Un tour tranquillo. Una presentazione d’impatto. Uno sguardo ai dettagli. Trova lo stile giusto per il tuo immobile.	Une visite paisible. Une présentation marquante. Un regard sur les détails. Trouvez le style adapté à votre bien.	Ein ruhiger Rundgang. Ein starker Auftritt. Ein Blick auf die Details. Finde den passenden Stil für deine Immobilie.	Een rustige rondleiding. Een krachtige introductie. Aandacht voor details. Vind de stijl die bij je woning past.	Spokojna prezentacja. Mocne wprowadzenie. Zbliżenie na detale. Znajdź styl pasujący do Twojej nieruchomości.	Sakin bir tur. Güçlü bir tanıtım. Ayrıntılara yakından bakış. Mülküne uygun stili bul.	落ち着いた内覧、印象的な紹介、細部へのクローズアップ。物件に合うスタイルを見つけましょう。
